{
	"info": {
		"_postman_id": "42853468-8684-443a-9c6f-d1f1da57c59c",
		"name": "Postman_Main_Project",
		"schema": "https://schema.getpostman.com/json/collection/v2.1.0/collection.json",
		"_exporter_id": "30899521"
	},
	"item": [
		{
			"name": "Get_all_products",
			"request": {
				"method": "GET",
				"header": [],
				"url": {
					"raw": "http://localhost:9010/get-shoes",
					"protocol": "http",
					"host": [
						"localhost"
					],
					"port": "9010",
					"path": [
						"get-shoes"
					]
				}
			},
			"response": []
		},
		{
			"name": "Get_register_users",
			"request": {
				"method": "GET",
				"header": [],
				"url": {
					"raw": "http://localhost:9010/get-users",
					"protocol": "http",
					"host": [
						"localhost"
					],
					"port": "9010",
					"path": [
						"get-users"
					]
				}
			},
			"response": []
		},
		{
			"name": "add_product",
			"request": {
				"method": "POST",
				"header": [],
				"url": {
					"raw": "http://localhost:9010/add-shoe?id=101&image=www.image.com&name=SampleShoe&category=Running&sizes=9&price=1000",
					"protocol": "http",
					"host": [
						"localhost"
					],
					"port": "9010",
					"path": [
						"add-shoe"
					],
					"query": [
						{
							"key": "id",
							"value": "101"
						},
						{
							"key": "image",
							"value": "www.image.com"
						},
						{
							"key": "name",
							"value": "SampleShoe"
						},
						{
							"key": "category",
							"value": "Running"
						},
						{
							"key": "sizes",
							"value": "9"
						},
						{
							"key": "price",
							"value": "1000"
						}
					]
				}
			},
			"response": []
		},
		{
			"name": "update_product",
			"request": {
				"method": "PUT",
				"header": [],
				"url": {
					"raw": "http://localhost:9010/update-shoe?id=101&image=www.image123.com&name=sneakers&category=walking&sizes=8,9,10&price=1500",
					"protocol": "http",
					"host": [
						"localhost"
					],
					"port": "9010",
					"path": [
						"update-shoe"
					],
					"query": [
						{
							"key": "id",
							"value": "101"
						},
						{
							"key": "image",
							"value": "www.image123.com"
						},
						{
							"key": "name",
							"value": "sneakers"
						},
						{
							"key": "category",
							"value": "walking"
						},
						{
							"key": "sizes",
							"value": "8,9,10"
						},
						{
							"key": "price",
							"value": "1500"
						}
					]
				}
			},
			"response": []
		},
		{
			"name": "Delete_product",
			"request": {
				"method": "DELETE",
				"header": [],
				"url": {
					"raw": "http://localhost:9010/delete-shoe?id=101",
					"protocol": "http",
					"host": [
						"localhost"
					],
					"port": "9010",
					"path": [
						"delete-shoe"
					],
					"query": [
						{
							"key": "id",
							"value": "101"
						}
					]
				}
			},
			"response": []
		}
	]
}